id,name,read,pattern,sequence,feature_type
HT1,HT1,R2,5P(BC),GTCAACTCTTTAGCG,Antibody Capture
HT2,HT2,R2,5P(BC),TGATGGCCTATTGGG,Antibody Capture
HT3,HT3,R2,5P(BC),TTCCGCCTCTCTTTG,Antibody Capture
HT4,HT4,R2,5P(BC),AGTAAGTTCAGCGTA,Antibody Capture
HT5,HT5,R2,5P(BC),AAGTATCGTTTCGCA,Antibody Capture
HT6,HT6,R2,5P(BC),GGTTGCCAGATGTCA,Antibody Capture
HT7,HT7,R2,5P(BC),TGTCTTTCCTGCCAG,Antibody Capture
HT8,HT8,R2,5P(BC),CTCCTCTGCAATTAC,Antibody Capture
HT9,HT9,R2,5P(BC),CAGTAGTCACGGTCA,Antibody Capture
HT10,HT10,R2,5P(BC),ATTGACCCGCGTTAG,Antibody Capture
HT12,HT12,R2,5P(BC),TAACGACCAGCCATA,Antibody Capture
HT13,HT13,R2,5P(BC),AAATCTCTCAGGCTC,Antibody Capture
HT14,HT14,R2,5P(BC),CTGTATGTCCGATTG,Antibody Capture
HT15,HT15,R2,5P(BC),TAAGATTCAGAGCGA,Antibody Capture
